feature,status,removal_reason,missing_pct,importance_score
TransactionDT,removed,high_correlation,0.0,
dist2,removed,high_missing,93.63,
C1,removed,high_correlation,0.0,
C4,removed,high_correlation,0.0,
C6,removed,high_correlation,0.0,
C7,removed,high_correlation,0.0,
C8,removed,high_correlation,0.0,
C10,removed,high_correlation,0.0,
C11,removed,high_correlation,0.0,
D1,removed,high_correlation,0.21,
D6,removed,high_correlation,87.61,
D7,removed,high_missing,93.41,
D12,removed,high_correlation,89.04,
V1,removed,low_variance,47.29,
V11,removed,high_correlation,47.29,
V14,removed,low_variance,12.88,
V15,removed,high_correlation,12.88,
V16,removed,high_correlation,12.88,
V18,removed,high_correlation,12.88,
V21,removed,high_correlation,12.88,
V27,removed,low_variance,12.88,
V28,removed,high_correlation,12.88,
V30,removed,high_correlation,12.88,
V31,removed,high_correlation,12.88,
V32,removed,high_correlation,12.88,
V33,removed,high_correlation,12.88,
V34,removed,high_correlation,12.88,
V41,removed,low_variance,28.61,
V42,removed,high_correlation,28.61,
V49,removed,high_correlation,28.61,
V50,removed,high_correlation,28.61,
V51,removed,high_correlation,28.61,
V57,removed,high_correlation,13.06,
V60,removed,high_correlation,13.06,
V63,removed,high_correlation,13.06,
V65,removed,low_variance,13.06,
V68,removed,low_variance,13.06,
V70,removed,high_correlation,13.06,
V71,removed,high_correlation,13.06,
V73,removed,high_correlation,13.06,
V80,removed,high_correlation,15.1,
V88,removed,low_variance,15.1,
V89,removed,low_variance,15.1,
V91,removed,high_correlation,15.1,
V92,removed,high_correlation,15.1,
V95,removed,high_correlation,0.05,
V96,removed,high_correlation,0.05,
V97,removed,high_correlation,0.05,
V101,removed,high_correlation,0.05,
V102,removed,high_correlation,0.05,
V103,removed,high_correlation,0.05,
V104,removed,high_correlation,0.05,
V105,removed,high_correlation,0.05,
V106,removed,high_correlation,0.05,
V107,removed,low_variance,0.05,
V108,removed,low_variance,0.05,
V110,removed,low_variance,0.05,
V111,removed,low_variance,0.05,
V112,removed,low_variance,0.05,
V113,removed,low_variance,0.05,
V117,removed,low_variance,0.05,
V118,removed,low_variance,0.05,
V119,removed,low_variance,0.05,
V120,removed,low_variance,0.05,
V121,removed,low_variance,0.05,
V122,removed,low_variance,0.05,
V126,removed,high_correlation,0.05,
V127,removed,high_correlation,0.05,
V128,removed,high_correlation,0.05,
V132,removed,high_correlation,0.05,
V133,removed,high_correlation,0.05,
V134,removed,high_correlation,0.05,
V144,removed,high_correlation,86.12,
V145,removed,high_correlation,86.12,
V148,removed,high_correlation,86.12,
V149,removed,high_correlation,86.12,
V151,removed,high_correlation,86.12,
V153,removed,high_correlation,86.12,
V155,removed,high_correlation,86.12,
V157,removed,high_correlation,86.12,
V159,removed,high_correlation,86.12,
V163,removed,high_correlation,86.12,
V164,removed,high_correlation,86.12,
V167,removed,high_correlation,76.36,
V168,removed,high_correlation,76.36,
V177,removed,high_correlation,76.36,
V178,removed,high_correlation,76.36,
V179,removed,high_correlation,76.36,
V180,removed,high_correlation,76.32,
V190,removed,high_correlation,76.36,
V192,removed,high_correlation,76.36,
V196,removed,high_correlation,76.36,
V202,removed,high_correlation,76.36,
V203,removed,high_correlation,76.36,
V204,removed,high_correlation,76.36,
V206,removed,high_correlation,76.36,
V211,removed,high_correlation,76.36,
V212,removed,high_correlation,76.36,
V213,removed,high_correlation,76.36,
V214,removed,high_correlation,76.36,
V215,removed,high_correlation,76.36,
V216,removed,high_correlation,76.36,
V217,removed,high_correlation,77.91,
V218,removed,high_correlation,77.91,
V219,removed,high_correlation,77.91,
V221,removed,high_correlation,76.05,
V224,removed,high_correlation,77.91,
V231,removed,high_correlation,77.91,
V233,removed,high_correlation,77.91,
V234,removed,high_correlation,76.05,
V236,removed,high_correlation,77.91,
V240,removed,low_variance,77.91,
V241,removed,low_variance,77.91,
V242,removed,high_correlation,77.91,
V248,removed,high_correlation,77.91,
V250,removed,high_correlation,76.05,
V253,removed,high_correlation,77.91,
V255,removed,high_correlation,76.05,
V266,removed,high_correlation,77.91,
V269,removed,high_correlation,77.91,
V270,removed,high_correlation,76.05,
V272,removed,high_correlation,76.05,
V279,removed,high_correlation,0.0,
V280,removed,high_correlation,0.0,
V291,removed,high_correlation,0.0,
V293,removed,high_correlation,0.0,
V294,removed,high_correlation,0.0,
V295,removed,high_correlation,0.0,
V296,removed,high_correlation,0.21,
V297,removed,high_correlation,0.0,
V298,removed,high_correlation,0.0,
V299,removed,high_correlation,0.0,
V304,removed,high_correlation,0.0,
V305,removed,low_variance,0.0,
V306,removed,high_correlation,0.0,
V307,removed,high_correlation,0.0,
V308,removed,high_correlation,0.0,
V316,removed,high_correlation,0.0,
V317,removed,high_correlation,0.0,
V318,removed,high_correlation,0.0,
V322,removed,high_correlation,86.05,
V323,removed,high_correlation,86.05,
V324,removed,high_correlation,86.05,
V326,removed,high_correlation,86.05,
V327,removed,high_correlation,86.05,
V329,removed,high_correlation,86.05,
V331,removed,high_correlation,86.05,
V332,removed,high_correlation,86.05,
V334,removed,high_correlation,86.05,
id_07,removed,high_missing,99.13,
id_08,removed,high_missing,99.13,
id_18,removed,high_missing,92.36,
id_21,removed,high_missing,99.13,
id_22,removed,high_missing,99.12,
id_23,removed,high_missing,99.12,
id_24,removed,high_missing,99.2,
id_25,removed,high_missing,99.13,
id_26,removed,high_missing,99.13,
id_27,removed,high_missing,99.12,
V282,removed,low_importance,0.21,0.0015748138539493084
id_03,removed,low_importance,88.77,0.0014971013879403472
V205,removed,low_importance,76.36,0.0014794475864619017
V260,removed,low_importance,77.91,0.0014514586655423045
V37,removed,low_importance,28.61,0.0014465709682554007
V333,removed,low_importance,86.05,0.0014375528553500772
id_17,removed,low_importance,76.4,0.0014212701935321093
V288,removed,low_importance,0.21,0.0014191219815984368
id_02,removed,low_importance,76.15,0.0013810244854539633
V256,removed,low_importance,76.05,0.0013618259690701962
D13,removed,low_importance,89.51,0.0013314592652022839
V264,removed,low_importance,77.91,0.0013233839999884367
id_05,removed,low_importance,76.82,0.0013085781829431653
id_30,removed,low_importance,86.87,0.0012662349035963416
V98,removed,low_importance,0.05,0.0012649535201489925
V7,removed,low_importance,47.29,0.0012621540809050202
V209,removed,low_importance,76.32,0.0012288512662053108
id_19,removed,low_importance,76.41,0.0012144636129960418
V169,removed,low_importance,76.32,0.0012019050773233175
V100,removed,low_importance,0.05,0.001201191102154553
V85,removed,low_importance,15.1,0.0011709589743986726
V135,removed,low_importance,0.05,0.0011584681924432516
V193,removed,low_importance,76.36,0.001157719292677939
V160,removed,low_importance,86.12,0.0011408175341784954
V147,removed,low_importance,86.12,0.0011308676330372691
V262,removed,low_importance,77.91,0.0011294754222035408
V197,removed,low_importance,76.32,0.001125537557527423
V47,removed,low_importance,28.61,0.0011184714967384934
V265,removed,low_importance,77.91,0.0010641530388966203
V230,removed,low_importance,77.91,0.0010543980170041323
V166,removed,low_importance,86.12,0.0010458634933456779
V232,removed,low_importance,77.91,0.001006484031677246
V172,removed,low_importance,76.36,0.0009953182889148593
V267,removed,low_importance,77.91,0.0009862745646387339
V289,removed,low_importance,0.21,0.0009736672509461641
V43,removed,low_importance,28.61,0.0009674484026618302
V311,removed,low_importance,0.0,0.0009627992985770106
V183,removed,low_importance,76.36,0.0009596998570486903
V182,removed,low_importance,76.36,0.0009503815090283751
V273,removed,low_importance,77.91,0.0009471417288295925
V208,removed,low_importance,76.32,0.0009242391679435968
id_11,removed,low_importance,76.13,0.0009151585982181132
V150,removed,low_importance,86.12,0.0009000421268865466
V189,removed,low_importance,76.32,0.0008967904723249376
D9,removed,low_importance,87.31,0.0008431277237832546
V229,removed,low_importance,77.91,0.0008397428900934756
V9,removed,low_importance,47.29,0.0008102770079858601
V186,removed,low_importance,76.36,0.0008011321187950671
V84,removed,low_importance,15.1,0.000781059090513736
V194,removed,low_importance,76.32,0.0007679755217395723
V181,removed,low_importance,76.36,0.0007550889858976007
V170,removed,low_importance,76.32,0.0007330948137678206
V325,removed,low_importance,86.05,0.0007288227789103985
V302,removed,low_importance,0.0,0.0006854861276224256
V286,removed,low_importance,0.0,0.0006743820267729461
V188,removed,low_importance,76.32,0.0006556472508236766
V46,removed,low_importance,28.61,0.0006497265421785414
V199,removed,low_importance,76.36,0.0006398179684765637
V191,removed,low_importance,76.36,0.0006037951679900289
V284,removed,low_importance,0.0,0.0005778646445833147
V200,removed,low_importance,76.32,0.0005662121693603694
id_33,removed,low_importance,87.59,0.0005641700699925423
V59,removed,low_importance,13.06,0.0005472471239045262
V225,removed,low_importance,77.91,0.0005157766863703728
V223,removed,low_importance,77.91,0.0004651136405300349
id_12,removed,low_importance,75.58,0.0004511092556640506
V292,removed,low_importance,0.0,0.00045050724293105304
V277,removed,low_importance,77.91,0.00043458433356136084
V39,removed,low_importance,28.61,0.00042040154221467674
V222,removed,low_importance,76.05,0.0004050150455441326
V244,removed,low_importance,77.91,0.00037038215668872
V79,removed,low_importance,15.1,0.0003668139688670635
V17,removed,low_importance,12.88,0.0003455040859989822
V252,removed,low_importance,77.91,0.0003324785502627492
V40,removed,low_importance,28.61,0.0003086781653109938
D14,removed,low_importance,89.47,0.0002916948578786105
V249,removed,low_importance,77.91,0.00028478907188400626
id_10,removed,low_importance,87.31,0.0002730148262344301
V154,removed,low_importance,86.12,0.00026751525001600385
V303,removed,low_importance,0.0,0.000261392182437703
V175,removed,low_importance,76.32,0.00023536855587735772
V271,removed,low_importance,76.05,0.0002268074604216963
V278,removed,low_importance,77.91,0.00020517600933089852
M1,removed,low_importance,45.91,0.00018307384743820876
V174,removed,low_importance,76.32,0.00016823563782963902
V246,removed,low_importance,77.91,0.00016819770098663867
V139,removed,low_importance,86.12,0.00016747375775594264
V251,removed,low_importance,76.05,0.00014833733439445496
V243,removed,low_importance,77.91,0.00013559633225668222
V254,removed,low_importance,77.91,8.72116070240736e-05
V198,removed,low_importance,76.32,7.568085857201368e-05
V185,removed,low_importance,76.32,6.66173073113896e-05
V237,removed,low_importance,77.91,5.892308763577603e-05
V227,removed,low_importance,76.05,5.566837717196904e-05
V176,removed,low_importance,76.36,5.470543692354113e-05
V8,removed,low_importance,47.29,0.0
V22,removed,low_importance,12.88,0.0
V72,removed,low_importance,13.06,0.0
V93,removed,low_importance,15.1,0.0
V116,removed,low_importance,0.05,0.0
V138,removed,low_importance,86.12,0.0
V141,removed,low_importance,86.12,0.0
V146,removed,low_importance,86.12,0.0
V161,removed,low_importance,86.12,0.0
V162,removed,low_importance,86.12,0.0
V184,removed,low_importance,76.32,0.0
V195,removed,low_importance,76.32,0.0
V210,removed,low_importance,76.32,0.0
V235,removed,low_importance,77.91,0.0
V239,removed,low_importance,76.05,0.0
V247,removed,low_importance,77.91,0.0
V275,removed,low_importance,77.91,0.0
V321,removed,low_importance,0.0,0.0
V328,removed,low_importance,86.05,0.0
V330,removed,low_importance,86.05,0.0
V336,removed,low_importance,86.05,0.0
V337,removed,low_importance,86.05,0.0
id_15,removed,low_importance,76.13,0.0
id_16,removed,low_importance,78.1,0.0
id_28,removed,low_importance,76.13,0.0
id_29,removed,low_importance,76.13,0.0
id_35,removed,low_importance,76.13,0.0
id_36,removed,low_importance,76.13,0.0
id_37,removed,low_importance,76.13,0.0
V258,selected,,77.91,0.09574228525161743
V69,selected,,13.06,0.09169850498437881
V201,selected,,76.32,0.04602615162730217
V90,selected,,15.1,0.032664235681295395
V48,selected,,28.61,0.03168763220310211
V283,selected,,0.21,0.030840635299682617
V158,selected,,86.12,0.02841201238334179
V142,selected,,86.12,0.02749229036271572
C14,selected,,0.0,0.02490510419011116
V312,selected,,0.0,0.015400215983390808
V187,selected,,76.36,0.01395751629024744
V335,selected,,86.05,0.011031321249902248
V125,selected,,0.05,0.010913570411503315
card6,selected,,0.27,0.00942809134721756
C2,selected,,0.0,0.008303937502205372
D3,selected,,44.51,0.008244244381785393
C12,selected,,0.0,0.008002408780157566
V61,selected,,13.06,0.007351587526500225
V24,selected,,12.88,0.0070764231495559216
V67,selected,,13.06,0.007009571883827448
V131,selected,,0.05,0.0068223606795072556
V45,selected,,28.61,0.006707937456667423
V54,selected,,13.06,0.006679038051515818
V320,selected,,0.0,0.006120542995631695
DeviceType,selected,,76.16,0.00597302196547389
id_32,selected,,86.86,0.00580456480383873
V64,selected,,13.06,0.005720465909689665
V83,selected,,15.1,0.005611123982816935
V35,selected,,28.61,0.005579470191150904
addr2,selected,,11.13,0.00539817102253437
V53,selected,,13.06,0.005154876504093409
V62,selected,,13.06,0.005032109096646309
D2,selected,,47.55,0.0050224377773702145
V3,selected,,47.29,0.004835617262870073
C9,selected,,0.0,0.004766873549669981
V220,selected,,76.05,0.004742415156215429
M6,selected,,28.68,0.0047102877870202065
TransactionAmt,selected,,0.0,0.004523893818259239
V281,selected,,0.21,0.004487132653594017
V123,selected,,0.05,0.004440366290509701
V130,selected,,0.05,0.0042916154488921165
M4,selected,,47.66,0.0042808507569134235
D10,selected,,12.87,0.004276481457054615
V13,selected,,12.88,0.004217242822051048
V36,selected,,28.61,0.004196170251816511
V268,selected,,77.91,0.004083974286913872
V156,selected,,86.12,0.0040094368159770966
V319,selected,,0.0,0.004005038179457188
V287,selected,,0.0,0.0039403606206178665
R_emaildomain,selected,,76.75,0.0038752432446926832
V261,selected,,77.91,0.003836131887510419
D5,selected,,52.47,0.0038283439353108406
D15,selected,,15.09,0.0038175107911229134
V173,selected,,76.36,0.0038155149668455124
V10,selected,,47.29,0.0037942256312817335
dist1,selected,,59.65,0.003755205776542425
V171,selected,,76.32,0.0037537990137934685
V52,selected,,28.61,0.003753016935661435
D11,selected,,47.29,0.003665594384074211
V20,selected,,12.88,0.003622379619628191
M9,selected,,58.63,0.0035734581761062145
V58,selected,,13.06,0.0035690695513039827
M5,selected,,59.35,0.003455041442066431
V87,selected,,15.1,0.003435542806982994
card2,selected,,1.51,0.003407249227166176
M3,selected,,45.91,0.0034026142675429583
V74,selected,,13.06,0.0033363220281898975
TransactionID,selected,,0.0,0.0032209777273237705
V339,selected,,86.05,0.0032132307533174753
V124,selected,,0.05,0.0032092994078993797
V25,selected,,12.88,0.0032065939158201218
C13,selected,,0.0,0.0031507485546171665
V285,selected,,0.0,0.0031491885893046856
id_38,selected,,76.13,0.003138873493298888
V165,selected,,86.12,0.003119049593806267
V66,selected,,13.06,0.0031011702958494425
V81,selected,,15.1,0.003066804027184844
D4,selected,,28.6,0.0030381970573216677
V136,selected,,0.05,0.003000951139256358
C5,selected,,0.0,0.0029500110540539026
V94,selected,,15.1,0.0029178629629313946
M8,selected,,58.63,0.002914008218795061
V55,selected,,13.06,0.0028815362602472305
V310,selected,,0.0,0.0028561323415488005
addr1,selected,,11.13,0.0028493639547377825
V76,selected,,15.1,0.002833721926435828
card5,selected,,0.72,0.0028297158423811197
ProductCD,selected,,0.0,0.002818857319653034
V5,selected,,47.29,0.0028045412618666887
V152,selected,,86.12,0.0027936571277678013
V315,selected,,0.21,0.0027818335220217705
V19,selected,,12.88,0.0027701572980731726
card3,selected,,0.27,0.002684034174308181
V12,selected,,12.88,0.002665397245436907
V99,selected,,0.05,0.002660591620951891
P_emaildomain,selected,,15.99,0.002644195919856429
V56,selected,,13.06,0.0026397909969091415
V23,selected,,12.88,0.0026096308138221502
card4,selected,,0.27,0.0025811847299337387
V44,selected,,28.61,0.0025805176701396704
V207,selected,,76.36,0.0025587144773453474
V226,selected,,77.91,0.002555804094299674
D8,selected,,87.31,0.002544490620493889
V6,selected,,47.29,0.0025204718112945557
V276,selected,,77.91,0.0024838093668222427
V309,selected,,0.0,0.0024776174686849117
V129,selected,,0.05,0.002457311376929283
card1,selected,,0.0,0.0024571313988417387
id_14,selected,,86.45,0.0024486107286065817
V78,selected,,15.1,0.0023835767060518265
V301,selected,,0.21,0.0023788814432919025
V238,selected,,76.05,0.0023770115803927183
V290,selected,,0.0,0.0023263152688741684
V109,selected,,0.05,0.0022729840129613876
M7,selected,,58.64,0.00222188257612288
id_09,selected,,87.31,0.0022043543867766857
id_34,selected,,86.82,0.002192601328715682
V137,selected,,0.05,0.0021836517844349146
M2,selected,,45.91,0.0021712069865316153
V75,selected,,15.1,0.0021661606151610613
DeviceInfo,selected,,79.91,0.002162788063287735
V228,selected,,77.91,0.002160916570574045
V263,selected,,77.91,0.002129537286236882
V26,selected,,12.88,0.002086229156702757
id_13,selected,,78.44,0.002060809638351202
id_06,selected,,76.82,0.0020534975919872522
V313,selected,,0.21,0.0020521595142781734
V29,selected,,12.88,0.0020037072245031595
V300,selected,,0.21,0.0020008014980703592
V259,selected,,76.05,0.0019610796589404345
V245,selected,,76.05,0.0019600410014390945
V314,selected,,0.21,0.001953352242708206
V114,selected,,0.05,0.0019267357420176268
id_31,selected,,76.25,0.0018894150853157043
V257,selected,,77.91,0.0018808961613103747
id_01,selected,,75.58,0.0018759790109470487
V143,selected,,86.12,0.0018134289421141148
id_20,selected,,76.42,0.0018133536214008927
V274,selected,,77.91,0.001795717515051365
id_04,selected,,88.77,0.0017832258017733693
V338,selected,,86.05,0.001762819243595004
V140,selected,,86.12,0.0017352900467813015
V115,selected,,0.05,0.0017184397438541055
C3,selected,,0.0,0.0017121960408985615
V77,selected,,15.1,0.0017064294079318643
V82,selected,,15.1,0.001704831956885755
V4,selected,,47.29,0.001691726385615766
V38,selected,,28.61,0.001685445662587881
V86,selected,,15.1,0.001668305485509336
V2,selected,,47.29,0.0016064795199781656
